Title,Link,Date
Data Quality Assurance for Enterprise Web Scraping,https://blog.scrapinghub.com/data-quality-assurance-for-enterprise-web-scraping,"September 27, 2018 "
What I Learned as a Google Summer of Code student at Scrapinghub,https://blog.scrapinghub.com/what-i-learned-as-a-google-summer-of-code-student-at-scrapinghub,"September 12, 2018 "
GDPR Compliance For Web Scrapers: The Step-By-Step Guide,https://blog.scrapinghub.com/web-scraping-gdpr-compliance-guide,"July 25, 2018 "
For E-Commerce Data Scientists: Lessons Learned Scraping 100 Billion Products Pages,https://blog.scrapinghub.com/web-scraping-at-scale-lessons-learned-scraping-100-billion-products-pages,"July 02, 2018 "
A Sneak Peek Inside What Hedge Funds Think of Alternative Financial Data,https://blog.scrapinghub.com/2018/06/19/a-sneak-peek-inside-what-hedge-funds-think-of-alternative-financial-data,"June 19, 2018 "
Want to Predict Fitbit’s Quarterly Revenue? Eagle Alpha Did It Using Web Scraped Product Data,https://blog.scrapinghub.com/2018/06/07/fitbit-quarterly-revenue-web-scraped-product-data,"June 07, 2018 "
How Data Compliance Companies Are Turning To Web Crawlers To Take Advantage of the GDPR Business Opportunity,https://blog.scrapinghub.com/2018/05/30/gdpr-compliance-tools-web-scraping-crawlers,"May 30, 2018 "
Looking Back at 2017,https://blog.scrapinghub.com/2017/12/31/looking-back-at-2017,"December 31, 2017 "
"A Faster, Updated Scrapinghub",https://blog.scrapinghub.com/2017/11/05/a-faster-updated-scrapinghub,"November 05, 2017 "
Scraping the Steam Game Store with Scrapy,https://blog.scrapinghub.com/2017/07/07/scraping-the-steam-game-store-with-scrapy,"July 07, 2017 "
