title,subreddit,user,comments,time,link,upvotes
Jimmy Carter calls on Georgia GOP candidate to resign as secretary of state,/r/politics/,u/progress18,600 comments,2 hours ago,https://www.nbcnews.com/politics/elections/jimmy-carter-calls-georgia-gop-candidate-resign-secretary-state-n925531,16.8k
Bath with mom,/r/aww/,u/Triremes34,182 comments,4 hours ago,https://i.imgur.com/L7P8j3r.jpg,48.9k
I can't believe I took this with my phone. Super slowmo lightning strike.,/r/gifs/,u/RandomAsianGuy,302 comments,3 hours ago,/r/gifs/comments/9sby9n/i_cant_believe_i_took_this_with_my_phone_super/,19.1k
My actual reaction when my alarm just went off,/r/DunderMifflin/,u/ABlythe97,76 comments,3 hours ago,/r/DunderMifflin/comments/9sca32/my_actual_reaction_when_my_alarm_just_went_off/,8.7k
"Dr. Barry Marshall, incredible way to win a Nobel Prize",/r/Damnthatsinteresting/,u/DrChriss1,277 comments,3 hours ago,/r/Damnthatsinteresting/comments/9sbzr2/dr_barry_marshall_incredible_way_to_win_a_nobel/,14.9k
This worn out floor looks like Australia,/r/mildlyinteresting/,u/sheepgoof,301 comments,3 hours ago,/r/mildlyinteresting/comments/9sc7kd/this_worn_out_floor_looks_like_australia/,12.7k
"Dr. Barry Marshall, incredible way to win a Nobel Prize",/r/interestingasfuck/,u/DrChriss1,175 comments,3 hours ago,/r/interestingasfuck/comments/9sbze9/dr_barry_marshall_incredible_way_to_win_a_nobel/,13.6k
A new sidequest has been added.,/r/gaming/,u/lordcoolcats,178 comments,3 hours ago,https://imgur.com/U3PyQ13,8.2k
Anyone wanna have dinner?,/r/facepalm/,u/Groenboys,269 comments,5 hours ago,/r/facepalm/comments/9sbmh3/anyone_wanna_have_dinner/,19.2k
The Bitcoin price history put through a sound generator.,/r/videos/,u/Thefriendlyfaceplant,380 comments,5 hours ago,https://www.youtube.com/watch?v=VV19nAuYC_4,12.0k
"Religious fundamentalists and dogmatic individuals are more likely to believe fake news, finds a new study, which suggests the inability to detect false information is related to a failure to be actively open-minded.",/r/science/,u/mvea,1.7k comments,5 hours ago,https://www.psypost.org/2018/10/study-religious-fundamentalists-and-dogmatic-individuals-are-more-likely-to-believe-fake-news-52426,25.9k
bricks that can call bad,/r/im14andthisisdeep/,u/Groenboys,208 comments,4 hours ago,/r/im14andthisisdeep/comments/9sbomv/bricks_that_can_call_bad/,12.1k
"TIL that in 1838 Edgar Allen Poe wrote a book about a 4 man ship crew that ate their cabin boy, Richard Parker. In 1884 a 4 man ship crew ate their cabin boy, Richard Parker.",/r/todayilearned/,u/Jacorbes,182 comments,1 hour ago,http://psychics.co.uk/blog/strange-coincidences/,4.1k
Mädchen Amick 1992,/r/OldSchoolCool/,u/hiimchris8603,229 comments,3 hours ago,/r/OldSchoolCool/comments/9sc7y3/m%C3%A4dchen_amick_1992/,5.4k
M4A1 Assault rifle versus steel armour plate.,/r/funny/,u/That_so_sucks,629 comments,5 hours ago,/r/funny/comments/9sbgvu/m4a1_assault_rifle_versus_steel_armour_plate/,41.6k
looks harmless enough,/r/IdiotsInCars/,u/icant-chooseone,208 comments,3 hours ago,https://i.imgur.com/tVjmGRI.gifv,5.9k
High potential,/r/MemeEconomy/,u/HumanToes,730 comments,3 hours ago,/r/MemeEconomy/comments/9sc9ry/high_potential/,6.5k
"Joe Donnelly is in a Red State and Still Voted NO on Kavanaugh. Polls Show It’s Close, Let’s Give Him A Boost!",/r/BlueMidterm2018/,u/Mattrek,77 comments,3 hours ago,https://secure.actblue.com/donate/moveondonnelly,4.7k
2meirl4meirl,/r/2meirl4meirl/,u/Azazel_Rebirth,109 comments,5 hours ago,/r/2meirl4meirl/comments/9sbj14/2meirl4meirl/,13.2k
Up you go little bro,/r/AnimalsBeingBros/,u/BlondeAussieGirl1990,246 comments,6 hours ago,/r/AnimalsBeingBros/comments/9sb69z/up_you_go_little_bro/,24.7k
I'm pissed,/r/lgbt/,u/Hen_Zoid,227 comments,2 hours ago,/r/lgbt/comments/9scg0a/im_pissed/,3.9k
Say what now?,/r/dankmemes/,u/babydoll_bd,119 comments,5 hours ago,/r/dankmemes/comments/9sbi8m/say_what_now/,18.4k
Fucking australia,/r/crappyoffbrands/,u/rebexca16ansell,224 comments,5 hours ago,/r/crappyoffbrands/comments/9sbecl/fucking_australia/,10.5k
Mother/Son 'Black Panther' Halloween Costume,/r/pics/,u/oligarchyoligarchy,560 comments,6 hours ago,/r/pics/comments/9sb2at/motherson_black_panther_halloween_costume/,49.2k
Ok now this is epic,/r/memes/,u/veenoso,172 comments,6 hours ago,/r/memes/comments/9sbbm6/ok_now_this_is_epic/,23.9k
